{
    "robotPosition": {
        "a1": 1.5707963092610695,
        "a3": 6.283185307176388,
        "a2": -1.5707963237485043,
        "z": 201.2262499999994
    },
    "motorTorque": {
        "a1": 156.5569399563282,
        "a3": 156.58152871087674,
        "a2": 0.024588754547230102,
        "z": 849.4108182001074
    }
}