{
    "robotPosition": {
        "a1": 0.031413832182683045,
        "a2": -0.031413832182683045,
        "a3": 0.0,
        "z": 50.99993333466666
    }
}