{
    "axisPos": {
        "a1": -1.120933579220253,
        "a3": -0.6255166222117021,
        "a2": 2.2787671363965427,
        "z": 181.81945988805717
    }
}