{
    "axisPos": {
        "a1": -0.008877363924031951,
        "a3": -3.9780534126642474e-05,
        "a2": -8.601351881315348e-05,
        "z": 1.226250000000005
    }
}