{
    "robotPosition": {
        "a1": 0.9147228452525267,
        "a2": -0.9147228452525267,
        "a3": 0.0,
        "z": 79.1165324762045
    }
}