{
    "axisPos": {
        "a1": -0.008954603928208679,
        "a2": 6.290175771335874e-05,
        "a3": 3.977736886847534e-05,
        "z": 1.226250000000005
    }
}