{
    "robotPosition": {
        "a1": 1.1713510081590004,
        "a2": -1.1713510081590004,
        "a3": 0.0,
        "z": 87.28526060883598
    }
}