{
    "robotPosition": {
        "a1": 1.338074251503657,
        "a3": 0.0,
        "a2": 2.2555802553547126,
        "z": 0.0
    }
}