{
    "robotPosition": {
        "a1": 1.2304470323224495,
        "a2": -1.2304470323224495,
        "a3": 0.0,
        "z": 89.16634548137418
    }
}