{
    "robotPosition": {
        "a1": -0.31579126827954485,
        "a2": 2.4199999999999986,
        "a3": 0.0,
        "z": 0.0
    }
}