{
    "axisPos": {
        "a1": -0.008954603928215631,
        "a2": 6.29017577133324e-05,
        "a3": 3.977736886847544e-05,
        "z": 1.226250000000005
    }
}