{
    "robotPosition": {
        "a1": 1.4353743006955462,
        "a3": 0.0,
        "a2": -1.9490047066909952,
        "z": 0.0
    }
}