{
    "robotPosition": {
        "a1": -1.281394743115621,
        "a3": -10.961800402317769,
        "a2": 0.8487538671088863,
        "z": 102.45173913044576
    },
    "motorTorque": {
        "a1": 156.5569399563282,
        "a3": 156.58152871087674,
        "a2": 0.024588754547230102,
        "z": 849.4108182001074
    }
}