{
    "axisPos": {
        "a1": 1.57075860632179,
        "a3": 6.283185300299929,
        "a2": -1.5707897724798783,
        "z": 201.2262499999994
    }
}