{
    "axisPos": {
        "a1": -0.00895460392820975,
        "a2": 6.290175771335874e-05,
        "a3": 3.977736886847531e-05,
        "z": 1.226250000000005
    }
}